dpi,nit,nombre
2841930410101,8492031-2,Alejandro Méndez
1938402930101,2948102-4,Beatriz Estévez
3049582710101,4829301-5,Ricardo Arriola
1029384750101,9384720-3,Sofía Villagrán
2938475610101,1029384-7,Héctor Samayoa
3948576120101,5829304-1,Lucía Caseros
1928374650101,7482930-9,Mario Estrada
3847562910101,3948572-0,Elena Fuentes
2039485710101,8293041-8,Roberto Girón
2938471020101,4729384-6,Claudia Morales
3847291030101,5829340-2,Gustavo Lima
1928374050101,9304851-4,Isabel Orozco
2039481720101,2847192-7,Fernando Quiñónez
3847291830101,1029384-5,Paola Sandoval
1928374610101,3847291-3,Jorge Palacios
3049582710101,4829301-9,Mónica Herrera
2938471050101,5729384-0,Luis Archila
1029384720101,8472930-1,Karla Mendoza
3847291060101,9283746-8,Sergio Pineda
1928374020101,2039485-4,Gabriela Rosales
3049581720101,3948571-7,Víctor Tánchez
2938471030101,4829304-2,Andrea Solís
1029384710101,5729381-9,Raúl Castañeda
3847291020101,8472935-0,Lorena Bran
1928374040101,9283741-6,Oscar Valdez
2039481050101,2039482-3,Silvia Gatica
3847291070101,3948573-5,Manuel Marroquín
1928374060101,4829305-1,Patricia Figueroa
3049581030101,5729382-7,Hugo Montenegro
2938471010101,8472936-4,Rosa Linares
1029384020101,9283742-0,César Galindo
3847291080101,2039483-8,Marta Recinos
1928374070101,3948574-2,Daniel Ovalle
2039481060101,4829306-9,Diana Ruiz
3847291090101,5729383-5,Enrique Lemus
1928374080101,8472937-1,Sandra Valladares
3049581040101,9283743-7,Armando Juárez
2938471020101,2039484-4,Natalia Corado
1029384030101,3948575-0,Julio Orantes
3847291100101,4829307-6,Ana Lucía Guerra
1928374090101,5729384-2,Felipe Cifuentes
2039481070101,8472938-9,Verónica Tobar
3847291110101,9283744-5,Eduardo Monzón
1928374100101,2039485-1,Sonia Aguirre
3049581050101,3948576-8,Ramiro Solares
2938471030101,4829308-3,Leticia Godoy
1029384040101,5729385-0,Marcos Gramajo
3847291120101,8472939-6,Julia Paredes
1928374110101,9283745-2,Pablo Azurdia
2039481080101,2039486-8,Ingrid Dávila
3847291130101,3948577-5,Adolfo Zelada
1928374120101,4829309-1,Rocío Melgar
3049581060101,5729386-7,Benjamín Xitumul
2938471040101,8472940-2,Clara De León
1029384050101,9283746-0,Rodrigo Barillas
3847291140101,2039487-5,Yolanda Villeda
1928374130101,3948578-2,Francisco Tun
2039481090101,4829310-9,Emilia Sumpango
3847291150101,5729387-5,Ignacio Chajón
1928374140101,8472941-0,Sara Cojulún
3049581070101,9283747-7,Gregorio Ixcot
2938471050101,2039488-2,Blanca Ajtún
1029384060101,3948579-0,Esteban Bucaro
3847291160101,4829311-6,Miriam Socoy
1928374150101,5729388-3,Alfredo Pocol
2039481100101,8472942-8,Jimena Cux
3847291170101,9283748-4,Saúl Sinay
1928374160101,2039489-1,Gilda Pirir
3049581080101,3948580-7,Rafael Tubac
2938471060101,4829312-3,Margarita Yol
1029384070101,5729389-0,Cristian Sajic
3847291180101,8472943-5,Susana Cuc
1928374170101,9283749-2,Mauricio Jucub
2039481110101,2039490-8,Irene Macz
3847291190101,3948581-5,Humberto Pop
1928374180101,4829313-1,Regina Caal
3049581090101,5729390-7,Félix Chen
2938471070101,8472944-2,Adriana Coy
1029384080101,9283750-0,Gerardo Choc
3847291200101,2039491-5,Elsa Tot
1928374190101,3948582-2,Leopoldo Xol
2039481120101,4829314-9,Noemí Quej
3847291210101,5729391-4,Orlando Ba
1928374200101,8472945-0,Vilma Rax
3049581100101,9283751-7,Jacinto Tiu
2938471080101,2039492-2,Teresa Camó
1029384090101,3948583-0,Bernardo Icó
3847291220101,4829315-6,Alicia Yat
1928374210101,5729392-1,Samuel Cab
2039481130101,8472946-8,Gloria Sub
3847291230101,9283752-4,Wilfredo Pec
1928374220101,2039493-9,Olga Sis
3049581110101,3948584-7,Emilio Ché
2938471090101,4829316-3,Dora Cal
1029384100101,5729393-9,Augusto Bol
3847291240101,8472947-5,Evelyn Cuz
1928374230101,9283753-1,David Pan
2039481140101,2039494-6,Rebeca Tun
3847291250101,3948585-4,Mateo Quib
1928374240101,4829317-0,Norma Coc